date,time,temperature
2023-09-18,19:42,18.69
2023-09-18,20:41,17.37
2023-09-18,21:41,16.56
2023-09-18,22:41,15.75
2023-09-18,23:41,14.87
2023-09-19,00:40,14.31
2023-09-19,01:40,13.31
2023-09-19,02:40,12.5
2023-09-19,03:40,11.75
2023-09-19,04:40,11.56
2023-09-19,05:39,10.94
2023-09-19,06:39,10.06
2023-09-19,07:39,10.69
2023-09-19,08:39,12.44
2023-09-19,09:39,15
2023-09-19,10:38,18.12
2023-09-19,11:38,22.75
2023-09-19,12:38,23.5
2023-09-19,13:38,24.37
2023-09-19,14:38,24.81
2023-09-19,15:38,24.12
2023-09-19,16:37,23.12
2023-09-19,17:37,21.87
2023-09-19,18:37,20.31
2023-09-19,19:37,18.87
2023-09-19,20:37,18.31
2023-09-19,21:36,17.5
2023-09-19,22:36,15.94
2023-09-19,23:36,15.63
2023-09-20,00:36,15.13
2023-09-20,01:36,14.5
2023-09-20,02:35,14.31
2023-09-20,03:35,13.81
2023-09-20,04:35,13.69
2023-09-20,05:35,13.25
2023-09-20,06:34,13.13
2023-09-20,07:34,13.75
2023-09-20,08:34,14.31
2023-09-20,09:34,14.94
2023-09-20,10:34,16.06
2023-09-20,11:33,17.87
2023-09-20,12:33,18.37
2023-09-20,13:08,18.19
2023-09-20,14:23,17.94
2023-09-20,15:23,19.94
2023-09-20,16:23,18.94
2023-09-20,17:23,19.31
2023-09-20,18:23,17.06
2023-09-20,19:22,15.81
2023-09-20,20:22,14.75
2023-09-20,21:22,14.06
2023-09-20,22:21,13.25
2023-09-20,23:21,13.81
2023-09-21,00:21,13
2023-09-21,01:21,12.5
2023-09-21,02:20,12.31
2023-09-21,03:20,11.5
2023-09-21,04:20,11.25
2023-09-21,05:20,11.12
2023-09-21,06:20,11.38
2023-09-21,07:19,11.63
2023-09-21,08:19,13.44
2023-09-21,09:19,14.5
2023-09-21,10:19,16.12
2023-09-21,11:19,17.25
2023-09-21,12:18,18.62
2023-09-21,13:18,18.69
2023-09-21,14:18,19.69
2023-09-21,15:18,19.69
2023-09-21,16:12,19.87
2023-09-21,17:12,19.44
2023-09-21,18:12,18.56
2023-09-21,19:12,17.37
2023-09-21,20:12,16.31
2023-09-21,21:11,16.12
2023-09-21,22:11,15.13
2023-09-21,23:11,14.81
2023-09-22,00:11,13.88
2023-09-22,01:10,13.56
2023-09-22,02:10,12.44
2023-09-22,03:10,11.94
2023-09-22,04:10,11
2023-09-22,05:10,10.19
2023-09-22,06:09,9.56
2023-09-22,07:09,8.25
2023-09-22,08:09,8.69
2023-09-22,09:09,9.44
2023-09-22,10:09,13.25
2023-09-22,11:08,17.31
2023-09-22,13:08,20.5
2023-09-22,14:08,19.25
2023-09-22,15:08,20.56
2023-09-22,16:28,21
2023-09-22,17:28,20.06
2023-09-22,18:28,18.87
2023-09-22,19:28,17.19
2023-09-22,20:28,15.69
2023-09-22,21:27,14.44
2023-09-22,22:27,14.19
2023-09-22,23:27,14.19
2023-09-23,00:27,14.31
2023-09-23,01:26,14.25
2023-09-23,02:26,14
2023-09-23,03:26,14.63
2023-09-23,04:26,12.63
2023-09-23,05:26,12.81
2023-09-23,06:25,12.13
2023-09-23,07:25,11.19
2023-09-23,08:25,10.63
2023-09-23,09:25,10.56
2023-09-23,10:25,11.5
2023-09-23,11:24,14.19
2023-09-23,12:24,15.06
2023-09-23,13:24,15.44
2023-09-23,14:24,15.25
2023-09-23,15:24,16.37
2023-09-23,16:23,15.75
2023-09-23,17:23,14.31
2023-09-23,18:23,13.19
2023-09-23,19:23,12.25
2023-09-23,20:23,11.63
2023-09-23,21:22,10.94
2023-09-23,22:22,10.13
2023-09-23,23:22,9.75
2023-09-24,00:22,9.5
2023-09-24,01:21,7.5
2023-09-24,02:21,6.44
2023-09-24,03:21,6.06
2023-09-24,04:21,5.81
2023-09-24,05:21,4.5
2023-09-24,06:20,5.06
2023-09-24,07:20,4.69
2023-09-24,08:20,5.75
2023-09-24,09:20,7.06
2023-09-24,10:19,9.75
2023-09-24,11:19,11.63
2023-09-24,12:19,13.25
2023-09-24,13:19,14.06
2023-09-24,14:19,15.31
2023-09-24,15:19,16.19
2023-09-24,16:18,17.31
2023-09-24,17:18,16.81
2023-09-24,18:18,16
2023-09-24,19:18,15.75
2023-09-24,20:18,14.81
2023-09-24,21:17,14.13
2023-09-24,22:17,13.75
2023-09-24,23:17,13.69
2023-09-25,00:17,13.69
2023-09-25,01:17,13
2023-09-25,02:16,11.94
2023-09-25,03:16,11.56
2023-09-25,04:16,11.31
2023-09-25,05:16,11.44
2023-09-25,06:16,11.06
2023-09-25,07:15,11.19
2023-09-25,08:15,11.31
2023-09-25,09:15,12.5
2023-09-25,10:15,13.69
2023-09-25,11:15,14.87
2023-09-25,12:14,16.44
2023-09-25,13:14,18.44
2023-09-25,14:14,19.62
2023-09-25,15:14,21.06
2023-09-25,16:14,21.87
2023-09-25,17:14,21.62
2023-09-25,18:13,20.44
2023-09-25,19:13,19.5
2023-09-25,20:13,18.19
2023-09-25,21:13,16.75
2023-09-25,22:12,15.06
2023-09-25,23:12,14.56
2023-09-26,00:12,13.69
2023-09-26,01:12,13.19
2023-09-26,02:12,12.56
2023-09-26,03:11,12.06
2023-09-26,04:11,11.44
2023-09-26,05:11,10.88
2023-09-26,06:11,10.19
2023-09-26,07:10,9.81
2023-09-26,08:10,9.94
2023-09-26,09:10,11.56
2023-09-26,10:10,14.5
2023-09-26,11:10,19.56
2023-09-26,12:10,22.94
2023-09-26,13:10,23.44
2023-09-26,14:09,22.69
2023-09-26,15:09,22.37
2023-09-26,16:09,24.31
2023-09-26,17:09,23.38
2023-09-26,18:09,21.81
2023-09-26,19:08,20.81
2023-09-26,20:08,19.31
2023-09-26,21:08,18.06
2023-09-26,22:08,17.25
2023-09-26,23:07,16.5
2023-09-27,00:07,16
2023-09-27,01:07,15.31
2023-09-27,02:07,14.75
2023-09-27,03:06,14.69
2023-09-27,04:06,14.56
2023-09-27,05:06,14.56
2023-09-27,06:06,13.69
2023-09-27,07:06,12.44
2023-09-27,08:05,12.5
2023-09-27,09:05,14
2023-09-27,10:05,16
2023-09-27,11:05,15.31
2023-09-27,12:05,14.31
2023-09-27,13:04,14.56
2023-09-27,14:04,15.19
2023-09-27,15:04,15.81
2023-09-27,16:04,14.81
2023-09-27,17:22,14.63
2023-09-27,18:22,13.81
2023-09-27,19:22,12.75
2023-09-27,20:22,12.44
2023-09-27,21:21,12
2023-09-27,22:21,11.75
2023-09-27,23:21,11.88
2023-09-28,00:21,11.94
2023-09-28,01:21,11.63
2023-09-28,02:20,10.63
2023-09-28,03:20,10.94
2023-09-28,04:20,10.88
2023-09-28,05:20,10.75
2023-09-28,06:19,9.81
2023-09-28,07:19,9.31
2023-09-28,08:19,9.38
2023-09-28,09:19,11.06
2023-09-28,10:19,12.69
2023-09-28,11:19,14.69
2023-09-28,12:18,16.75
2023-09-28,13:18,17.44
2023-09-28,14:18,16.87
2023-09-28,15:18,17.12
2023-09-28,16:18,17.44
2023-09-28,17:18,16.5
2023-09-28,18:17,15.56
2023-09-28,19:17,14.75
2023-09-28,20:17,13.81
2023-09-28,21:17,12.94
2023-09-28,22:16,11.88
2023-09-28,23:16,10.56
2023-09-29,00:16,9.63
2023-09-29,01:16,8.88
2023-09-29,02:16,8.19
2023-09-29,03:15,7.81
2023-09-29,04:15,7.19
2023-09-29,05:15,6.56
2023-09-29,06:15,6
2023-09-29,07:14,5.5
2023-09-29,08:14,5.94
2023-09-29,09:14,7.81
2023-09-29,10:14,10.69
2023-09-29,11:14,14.5
2023-09-29,12:14,16.75
2023-09-29,13:13,16.31
2023-09-29,14:13,16.62
2023-09-29,15:13,17.19
2023-09-29,16:13,16.06
2023-09-29,17:13,15.38
2023-09-29,18:12,15
2023-09-29,19:12,14.38
2023-09-29,20:12,13.75
2023-09-29,21:12,13.62
2023-09-29,22:11,12.94
2023-09-29,23:11,12.81
2023-09-30,00:11,12.13
2023-09-30,01:11,12.31
2023-09-30,02:11,11.25
2023-09-30,03:10,10.69
2023-09-30,04:10,10.31
2023-09-30,05:10,10.81
2023-09-30,06:10,10.63
2023-09-30,07:09,10.56
2023-09-30,08:09,10.75
2023-09-30,09:09,10.81
2023-09-30,10:09,12.75
2023-09-30,11:09,14.69
2023-09-30,12:09,16.5
2023-09-30,13:08,15.13
2023-09-30,14:08,15.69
2023-09-30,15:08,13.38
2023-09-30,16:08,11.5
2023-09-30,17:07,10.75
2023-09-30,18:07,11.56
2023-09-30,19:07,11.38
2023-09-30,20:07,11.19
2023-09-30,21:07,10.38
2023-09-30,22:06,9.94
2023-09-30,23:06,9.94
2023-10-01,00:06,9.81
2023-10-01,01:06,9.13
2023-10-01,02:05,8.69
2023-10-01,03:05,7.75
2023-10-01,04:05,7.56
2023-10-01,05:05,7.12
2023-10-01,06:05,7.37
2023-10-01,07:04,7.5
2023-10-01,08:04,7.87
2023-10-01,09:04,9
2023-10-01,10:04,10.38
2023-10-01,11:04,13.62
2023-10-01,12:04,16
2023-10-01,13:03,16.81
2023-10-01,14:03,17
2023-10-01,15:03,17.37
2023-10-01,16:03,17.19
2023-10-01,17:02,17.12
2023-10-01,18:02,16.06
2023-10-01,19:02,14.94
2023-10-01,20:02,14.25
2023-10-01,21:02,13.81
2023-10-01,22:01,12.81
2023-10-01,23:01,11.63
2023-10-02,00:01,10.19
2023-10-02,01:01,9.44
2023-10-02,02:01,8.88
2023-10-02,03:00,8.5
2023-10-02,04:00,8.38
2023-10-02,05:00,8.19
2023-10-02,06:00,7.75
2023-10-02,07:00,7.5
2023-10-02,07:59,7.56
2023-10-02,08:59,7.81
2023-10-02,09:59,8.81
2023-10-02,10:59,9.38
2023-10-02,11:59,12
2023-10-02,13:05,14.81
2023-10-02,14:05,14.69
2023-10-02,15:05,15.44
2023-10-02,16:05,15.5
2023-10-02,17:05,14.69
2023-10-02,18:04,14.06
2023-10-02,19:04,12.94
2023-10-02,20:04,11.56
2023-10-02,21:04,10.25
2023-10-02,22:03,9.44
2023-10-02,23:03,8.88
2023-10-03,00:03,8.06
2023-10-03,01:03,7.19
2023-10-03,02:02,6.44
2023-10-03,03:02,6.31
2023-10-03,04:02,5.69
2023-10-03,05:02,5
2023-10-03,06:01,5.19
2023-10-03,07:01,2.69
2023-10-03,08:01,3.81
2023-10-03,09:01,5.06
2023-10-03,10:01,6.12
2023-10-03,11:00,7.87
2023-10-03,12:00,10.81
2023-10-03,13:00,11.75
2023-10-03,14:00,11.5
2023-10-03,14:59,11.56
2023-10-03,15:59,12.31
2023-10-03,16:59,12.44
2023-10-03,17:59,11.38
2023-10-03,18:59,10.38
2023-10-03,19:58,9.5
2023-10-03,20:58,9.06
2023-10-03,21:58,8.75
2023-10-03,22:58,8.38
2023-10-03,23:57,8
2023-10-04,00:57,7.81
2023-10-04,01:57,6.87
2023-10-04,02:57,6.56
2023-10-04,03:56,5.75
2023-10-04,04:56,5.25
2023-10-04,05:56,4.75
2023-10-04,06:56,4.62
2023-10-04,07:56,4.75
2023-10-04,08:55,5.87
2023-10-04,09:55,8
2023-10-04,10:55,12.37
2023-10-04,11:55,16.37
2023-10-04,12:55,17.56
2023-10-04,13:55,16.37
2023-10-04,14:54,18.12
2023-10-04,15:54,18.44
2023-10-04,16:54,17.94
2023-10-04,17:54,16.87
2023-10-04,18:53,15.5
2023-10-04,19:53,14.25
2023-10-04,20:53,12.75
2023-10-04,21:53,12.75
2023-10-04,22:53,12.44
2023-10-04,23:52,11.75
2023-10-05,00:52,10.81
2023-10-05,01:52,10.5
2023-10-05,02:52,9.69
2023-10-05,03:51,7.94
2023-10-05,04:51,7.81
2023-10-05,05:51,7.19
2023-10-05,06:51,7.06
2023-10-05,07:51,7
2023-10-05,08:50,8.25
2023-10-05,09:50,10.31
2023-10-05,10:50,14.25
2023-10-05,11:50,17.87
2023-10-05,12:50,18.87
2023-10-05,13:49,18
2023-10-05,14:49,18.94
2023-10-05,15:49,19.81
2023-10-05,16:49,19.44
2023-10-05,17:49,18.56
2023-10-05,18:48,17
2023-10-05,19:48,15.63
2023-10-05,20:48,14.44
2023-10-05,21:48,13.44
2023-10-05,22:47,11.63
2023-10-05,23:47,11.19
2023-10-06,00:47,10.75
2023-10-06,01:47,10.38
2023-10-06,02:46,9.56
2023-10-06,03:46,8.88
2023-10-06,04:46,9
2023-10-06,05:46,8.69
2023-10-06,06:45,8.31
2023-10-06,07:45,8.31
2023-10-06,08:45,9.13
2023-10-06,09:45,10.38
2023-10-06,10:45,14.63
2023-10-06,11:45,20.12
2023-10-06,12:44,21.19
2023-10-06,13:44,19.5
2023-10-06,14:44,20.5
2023-10-06,15:44,21.56
2023-10-06,16:44,21
2023-10-06,17:43,19.69
2023-10-06,18:43,17.69
2023-10-06,19:43,16.44
2023-10-06,20:43,14.94
2023-10-06,21:42,14.06
2023-10-06,22:42,13
2023-10-06,23:42,11.81
2023-10-07,00:42,10.31
2023-10-07,01:42,9.63
2023-10-07,02:41,8.81
2023-10-07,03:41,8.25
2023-10-07,04:41,7.87
2023-10-07,05:41,7.81
2023-10-07,06:40,7.31
2023-10-07,07:40,7.19
2023-10-07,08:40,7.5
2023-10-07,09:40,8.81
2023-10-07,10:40,12.25
2023-10-07,11:39,15
2023-10-07,12:39,17.62
2023-10-07,13:39,18.37
2023-10-07,14:39,18.69
2023-10-07,15:39,17.75
2023-10-07,16:38,15.81
2023-10-07,17:38,14.81
2023-10-07,18:38,13.69
2023-10-07,19:38,13
2023-10-07,20:38,12.5
2023-10-07,21:37,11.5
2023-10-07,22:37,10.94
2023-10-07,23:37,10.13
2023-10-08,00:37,9.25
2023-10-08,01:36,8
2023-10-08,02:36,8.25
2023-10-08,03:36,7.62
2023-10-08,04:36,7.31
2023-10-08,05:35,5.94
2023-10-08,06:35,5.5
2023-10-08,07:35,5.25
2023-10-08,08:35,6.81
2023-10-08,09:35,9.81
2023-10-08,10:34,11.63
2023-10-08,11:34,15.25
2023-10-08,12:34,17
2023-10-08,13:34,17.25
2023-10-08,14:34,18
2023-10-08,15:33,18.5
2023-10-08,16:33,16.44
2023-10-08,17:33,13
2023-10-08,18:33,13.06
2023-10-08,19:32,12.25
2023-10-08,20:32,11.88
2023-10-08,21:32,10.69
2023-10-08,22:32,10.06
2023-10-08,23:31,10.13
2023-10-09,00:31,10.19
2023-10-09,01:31,9.75
2023-10-09,02:31,9.06
2023-10-09,03:31,8.5
2023-10-09,04:30,7.94
2023-10-09,05:30,8.44
2023-10-09,06:30,8.63
2023-10-09,07:30,8.75
2023-10-09,08:29,9.81
2023-10-09,09:29,10.69
2023-10-09,10:29,12.56
2023-10-09,11:29,15.63
2023-10-09,12:29,16.94
2023-10-09,13:29,17.19
2023-10-09,14:28,18.31
2023-10-09,15:28,19.56
2023-10-09,16:28,19.44
2023-10-09,17:28,19.12
2023-10-09,18:28,17.81
2023-10-09,19:27,16.37
2023-10-09,20:27,14.56
2023-10-09,21:27,13.38
2023-10-09,22:27,11.94
2023-10-09,23:26,10.81
2023-10-10,00:26,11.5
2023-10-10,01:26,11.94
2023-10-10,02:26,10.31
2023-10-10,03:25,9.25
2023-10-10,04:25,9.44
2023-10-10,05:25,9.19
2023-10-10,06:25,9.25
2023-10-10,07:25,9
2023-10-10,08:24,9.81
2023-10-10,09:24,11.94
2023-10-10,10:24,15.13
2023-10-10,11:24,20
2023-10-10,12:24,22.13
2023-10-10,13:24,23.12
2023-10-10,14:23,23.19
2023-10-10,15:23,23.62
2023-10-10,16:23,23.5
2023-10-10,17:23,22.5
2023-10-10,18:22,20.94
2023-10-10,19:22,20.12
2023-10-10,20:22,18.31
2023-10-10,21:22,17.87
2023-10-10,22:22,18.31
2023-10-10,23:21,18.12
2023-10-11,00:21,16.81
2023-10-11,01:21,15.38
2023-10-11,02:21,13.44
2023-10-11,04:20,8.44
2023-10-11,05:20,7.94
2023-10-11,06:20,7.56
2023-10-11,07:20,7.75
2023-10-11,08:20,6.81
2023-10-11,09:19,6.81
2023-10-11,10:19,8
2023-10-11,11:19,12.37
2023-10-11,12:19,11.69
2023-10-11,13:19,12.75
2023-10-11,14:18,12.44
2023-10-11,15:18,11.81
2023-10-11,16:18,10.81
2023-10-11,17:18,10.75
2023-10-11,18:17,9.75
2023-10-11,19:17,8.94
2023-10-11,20:17,8.69
2023-10-11,21:17,7.81
2023-10-11,22:16,6.69
2023-10-11,23:16,6.12
2023-10-12,00:16,5.81
2023-10-12,01:16,5.44
2023-10-12,02:16,5.75
2023-10-12,03:15,5
2023-10-12,04:15,4.94
2023-10-12,05:15,5.5
2023-10-12,06:15,5.37
2023-10-12,07:14,5.5
2023-10-12,08:14,5.75
2023-10-12,09:14,6.25
2023-10-12,10:14,7.31
2023-10-12,11:14,7.87
2023-10-12,12:14,9
2023-10-12,13:13,9.38
2023-10-12,14:13,9.5
2023-10-12,15:13,9.19
2023-10-12,16:13,8.81
2023-10-12,17:12,8.69
2023-10-12,18:12,8.31
2023-10-12,19:12,7.56
2023-10-12,20:12,6.69
2023-10-12,21:12,6
2023-10-12,22:11,5.19
2023-10-12,23:11,3.75
2023-10-13,00:11,3.31
2023-10-13,01:11,1.94
2023-10-13,02:10,1.19
2023-10-13,03:10,1
2023-10-13,04:10,0.19
2023-10-13,05:10,-0.37
2023-10-13,06:10,-1.5
2023-10-13,07:09,-2.25
2023-10-13,08:09,-2.25
2023-10-13,09:09,-0.5
2023-10-13,10:09,2.44
2023-10-13,11:09,8.5
2023-10-13,12:08,10.94
2023-10-13,13:08,11.31
2023-10-13,14:08,10.5
2023-10-13,14:48,11.56
2023-10-13,16:48,11.31
2023-10-13,17:48,10.31
2023-10-13,18:48,8.75
2023-10-13,19:48,7.37
2023-10-13,20:47,7
2023-10-13,21:47,6.56
2023-10-13,22:47,5.06
2023-10-13,23:47,4.56
2023-10-14,00:46,4.69
2023-10-14,01:46,4.5
2023-10-14,02:46,4.06
2023-10-14,03:46,3.19
2023-10-14,04:46,2.37
2023-10-14,05:45,2.69
2023-10-14,06:45,1.87
2023-10-14,07:45,2.12
2023-10-14,08:45,3.69
2023-10-14,09:44,5.25
2023-10-14,10:44,8.81
2023-10-14,11:44,12.25
2023-10-14,12:44,13.5
2023-10-14,13:44,13.13
2023-10-14,14:43,11.81
2023-10-14,15:43,10.06
2023-10-14,16:43,9.56
2023-10-14,17:43,9.38
2023-10-14,18:43,8.69
2023-10-14,19:42,8.44
2023-10-14,20:42,8.13
2023-10-14,21:42,8
2023-10-14,22:42,8.13
2023-10-14,23:42,8.13
2023-10-15,00:41,8.06
2023-10-15,01:41,7.12
2023-10-15,02:41,6.62
2023-10-15,03:41,6.37
2023-10-15,04:40,6.5
2023-10-15,05:40,6.44
2023-10-15,06:40,6.44
2023-10-15,07:40,6.37
2023-10-15,08:40,6.5
2023-10-15,09:39,6.5
2023-10-15,10:39,7
2023-10-15,11:39,8.5
2023-10-15,12:39,10
2023-10-15,13:39,9.75
2023-10-15,14:38,9.69
2023-10-15,15:38,9.88
2023-10-15,16:38,10.06
2023-10-15,17:38,9.31
2023-10-15,18:37,8.38
2023-10-15,19:37,7.87
2023-10-15,20:37,6.87
2023-10-15,21:37,6.25
2023-10-15,22:37,5.12
2023-10-15,23:36,4.12
2023-10-16,00:36,3.75
2023-10-16,01:36,3.37
2023-10-16,02:36,3.44
2023-10-16,03:35,2.94
2023-10-16,04:35,3.31
2023-10-16,05:35,3.12
2023-10-16,06:34,3.37
2023-10-16,07:34,3.75
2023-10-16,08:34,5.5
2023-10-16,09:34,7.81
2023-10-16,10:34,9.25
2023-10-16,11:34,10.75
2023-10-16,12:33,12.69
2023-10-16,13:33,13.81
2023-10-16,14:33,14.44
2023-10-16,15:33,14.69
2023-10-16,16:33,14.19
2023-10-16,17:32,14.19
2023-10-16,18:32,13.38
2023-10-16,19:32,12.69
2023-10-16,20:32,12.44
2023-10-16,21:31,12.06
2023-10-16,22:31,11.31
2023-10-16,23:31,10.44
2023-10-17,00:31,9.56
2023-10-17,01:31,8.44
2023-10-17,02:30,8
2023-10-17,03:30,7.44
2023-10-17,04:30,7.06
2023-10-17,05:30,6.69
2023-10-17,06:29,6.12
2023-10-17,07:29,5.81
2023-10-17,08:29,6.25
2023-10-17,09:29,7.12
2023-10-17,10:29,10.31
2023-10-17,11:29,16.19
2023-10-17,12:28,18.56
2023-10-17,13:28,18.12
2023-10-17,14:28,17.5
2023-10-17,15:28,18.87
2023-10-17,16:28,18.56
2023-10-17,17:27,17.25
2023-10-17,18:27,15.81
2023-10-17,19:27,14.75
2023-10-17,20:27,13.81
2023-10-17,21:26,12.81
2023-10-17,22:26,12
2023-10-17,23:26,11.06
2023-10-18,00:26,10.25
2023-10-18,01:25,9.31
2023-10-18,02:25,9.06
2023-10-18,03:25,9.25
2023-10-18,04:25,8.19
2023-10-18,05:24,8.13
2023-10-18,06:24,7.44
2023-10-18,07:24,7.44
2023-10-18,08:23,7.25
2023-10-18,09:23,7.37
2023-10-18,10:23,10.44
2023-10-18,11:23,16.62
2023-10-18,12:23,18.44
2023-10-18,13:23,18.37
2023-10-18,14:22,18.19
2023-10-18,15:22,19.44
2023-10-18,16:22,19.19
2023-10-18,17:22,17.94
2023-10-18,18:22,16.5
2023-10-18,19:21,14.44
2023-10-18,20:21,13.31
2023-10-18,21:21,11.88
2023-10-18,22:21,10.38
2023-10-18,23:20,9.56
2023-10-19,00:20,8.75
2023-10-19,01:20,8
2023-10-19,02:19,7
2023-10-19,03:19,5.5
2023-10-19,04:19,4.75
2023-10-19,05:19,2.94
2023-10-19,06:18,2.5
2023-10-19,07:18,2.19
2023-10-19,08:18,2.56
2023-10-19,09:18,2.87
2023-10-19,10:18,3.56
2023-10-19,11:17,7.25
2023-10-19,12:17,9.31
2023-10-19,13:17,10.13
2023-10-19,14:17,9.94
2023-10-19,15:17,10.94
2023-10-19,16:16,10.06
2023-10-19,17:16,9.25
2023-10-19,18:16,8.5
2023-10-19,19:16,7.94
2023-10-19,20:16,6.81
2023-10-19,21:15,6.81
2023-10-19,22:15,6.44
2023-10-19,23:15,5.56
2023-10-20,00:15,5.06
2023-10-20,01:14,4.5
2023-10-20,02:14,3.75
2023-10-20,03:14,3.75
2023-10-20,04:14,3.5
2023-10-20,05:14,3.69
2023-10-20,06:13,3.87
2023-10-20,07:13,3.69
2023-10-20,08:13,4.12
2023-10-20,09:13,4.94
2023-10-20,10:13,7
2023-10-20,11:12,10
2023-10-20,12:12,13.56
2023-10-20,13:12,16.44
2023-10-20,14:12,17
2023-10-20,15:11,18.37
2023-10-20,16:11,17.69
2023-10-20,17:11,17.25
2023-10-20,18:11,16.12
2023-10-20,19:10,14.87
2023-10-20,20:10,13.56
2023-10-20,21:10,12.94
2023-10-20,22:10,11.63
2023-10-20,23:09,10.56
2023-10-21,00:09,9.81
2023-10-21,01:09,7.37
2023-10-21,02:09,5.94
2023-10-21,03:08,4.19
2023-10-21,04:09,3.44
2023-10-21,05:08,2.75
2023-10-21,06:08,2.56
2023-10-21,07:08,1.69
2023-10-21,08:15,1.12
2023-10-21,09:20,2.12
2023-10-21,13:35,7.37
2023-10-21,14:32,7.94
2023-10-21,15:32,9
2023-10-21,16:32,8.56
2023-10-21,17:31,7.62
2023-10-21,18:31,6.87
2023-10-21,19:31,5.87
2023-10-21,20:31,4.87
2023-10-21,21:30,4.31
2023-10-21,22:30,3.25
2023-10-22,00:32,2.87
2023-10-22,01:32,2.94
2023-10-22,02:31,2.94
2023-10-22,03:31,3.12
2023-10-22,04:31,3.31
2023-10-22,05:31,3.81
2023-10-22,06:31,3.81
2023-10-22,07:30,3.81
2023-10-22,08:30,4.19
2023-10-22,09:30,5.25
2023-10-22,10:30,6.06
2023-10-22,11:30,6.37
2023-10-22,12:29,7
2023-10-22,13:29,6.62
2023-10-22,14:29,7.25
2023-10-22,15:29,6.31
2023-10-22,16:29,5.5
2023-10-22,17:29,5.62
2023-10-22,18:28,6.37
2023-10-22,19:28,6.87
2023-10-22,20:28,6.37
2023-10-22,21:28,5.94
2023-10-22,22:28,4.75
2023-10-22,23:27,1.94
2023-10-23,00:27,0.44
2023-10-23,01:27,-0.37
2023-10-23,02:27,-0.88
2023-10-23,03:27,-1.37
2023-10-23,04:26,-1.5
2023-10-23,05:26,-1.44
2023-10-23,06:26,-1.44
2023-10-23,07:26,-1.31
2023-10-23,08:25,-1.06
2023-10-23,09:25,-1
2023-10-23,10:06,-0.37
2023-10-23,11:06,0.5
2023-10-23,12:06,1
2023-10-23,13:06,1
2023-10-23,14:06,1.75
2023-10-23,15:05,2.69
2023-10-23,16:05,1.75
2023-10-23,17:05,1.31
2023-10-23,18:05,1.06
2023-10-23,19:05,1.25
2023-10-23,20:04,1.25
2023-10-23,21:04,1.37
2023-10-23,22:04,1.12
2023-10-23,23:04,1.37
2023-10-24,00:04,1.56
2023-10-24,01:03,1.62
2023-10-24,02:03,1.56
2023-10-24,03:03,1.56
2023-10-24,04:03,1.06
2023-10-24,05:03,1.06
2023-10-24,06:02,1.06
2023-10-24,07:02,1.25
2023-10-24,08:02,1.37
2023-10-24,09:02,1.69
2023-10-24,10:01,2.56
2023-10-24,11:01,3.12
2023-10-24,12:01,3.81
2023-10-24,13:01,4.19
2023-10-24,14:01,5.06
2023-10-24,15:01,5.5
2023-10-24,16:00,6.06
2023-10-24,17:00,6.69
2023-10-24,18:00,7.19
2023-10-24,19:00,7.44
2023-10-24,20:00,7.25
2023-10-24,20:59,6.87
2023-10-24,21:59,6.56
2023-10-24,22:59,6.31
2023-10-24,23:59,5.81
2023-10-25,00:58,5.12
2023-10-25,01:58,5.12
2023-10-25,02:58,4.69
2023-10-25,03:58,4.56
2023-10-25,04:58,3.94
2023-10-25,05:57,4.06
2023-10-25,06:57,3.62
2023-10-25,07:57,2.87
2023-10-25,08:57,3.12
2023-10-25,09:56,4.94
2023-10-25,10:56,6.81
2023-10-25,11:56,8.13
2023-10-25,12:56,10
2023-10-25,13:56,10.94
2023-10-25,14:55,12.44
2023-10-25,15:55,12.31
2023-10-25,16:55,12.25
2023-10-25,17:55,11.75
2023-10-25,18:55,10.81
2023-10-25,19:54,10.44
2023-10-25,20:54,10.25
2023-10-25,21:54,10.13
2023-10-25,22:54,10.19
2023-10-25,23:53,10.44
2023-10-26,00:53,10.25
2023-10-26,01:53,10.38
2023-10-26,02:53,10.38
2023-10-26,03:53,10.31
2023-10-26,04:52,10.06
2023-10-26,05:52,9.13
2023-10-26,06:52,7
2023-10-26,07:52,5.69
2023-10-26,08:51,4.75
2023-10-26,09:51,3.19
2023-10-26,10:51,1.75
2023-10-26,11:51,0.56
2023-10-26,12:51,0.25
2023-10-26,13:50,0.19
2023-10-26,14:50,0.06
2023-10-26,15:50,-0.37
2023-10-26,16:50,-0.69
2023-10-26,17:49,-1.37
2023-10-26,18:49,-1.69
2023-10-26,19:49,-2.56
2023-10-26,20:49,-3.06
2023-10-26,21:48,-3.44
2023-10-26,22:48,-4.31
2023-10-26,23:48,-4.81
2023-10-27,00:48,-5.25
2023-10-27,01:47,-5.5
2023-10-27,02:47,-5.81
2023-10-27,03:47,-6.19
2023-10-27,04:47,-5.94
2023-10-27,05:47,-5.62
2023-10-27,06:46,-5.37
2023-10-27,07:46,-5.31
2023-10-27,08:46,-4.81
2023-10-27,09:46,-3.56
2023-10-27,10:45,-1.94
2023-10-27,11:45,-1.12
2023-10-27,12:45,0.13
2023-10-27,13:45,-0.25
2023-10-27,14:45,0.37
2023-10-27,15:44,0.31
2023-10-27,16:44,0
2023-10-27,17:44,-0.56
2023-10-27,18:44,-1.31
2023-10-27,19:44,-1.62
2023-10-27,20:43,-2.5
2023-10-27,21:43,-3
2023-10-27,22:43,-3.5
2023-10-27,23:43,-3.81
2023-10-28,00:42,-3.75
2023-10-28,13:54,3.81
2023-10-28,14:53,4.94
2023-10-28,15:53,5.19
2023-10-28,16:53,4.5
2023-10-28,17:53,4.19
2023-10-28,18:52,3.5
2023-10-28,19:52,3.37
2023-10-28,20:52,2.94
2023-10-28,21:52,1.87
2023-10-28,22:52,1.25
2023-10-28,23:51,1.19
2023-10-29,00:51,1.06
2023-10-29,01:51,1.12
2023-10-29,02:51,1.25
2023-10-29,03:51,1.44
2023-10-29,04:50,1.5
2023-10-29,05:50,1.62
2023-10-29,06:50,1.81
2023-10-29,07:50,1.62
2023-10-29,08:49,1.62
2023-10-29,09:49,2.44
2023-10-29,10:49,3.31
2023-10-29,11:49,3.75
2023-10-29,12:49,4.31
2023-10-29,13:49,4.19
2023-10-29,14:48,4.44
2023-10-29,15:48,4.31
2023-10-29,16:48,4.69
2023-10-29,17:48,4.31
2023-10-29,18:47,4.19
2023-10-29,19:47,3.56
2023-10-29,20:47,3.75
2023-10-29,21:47,4.56
2023-10-29,22:47,5.25
2023-10-29,23:46,5.75
2023-10-30,00:46,6.44
2023-10-30,01:46,8.13
2023-10-30,02:46,10.31
2023-10-30,03:46,11.31
2023-10-30,04:45,11.63
2023-10-30,05:45,11.75
2023-10-30,06:45,11.25
2023-10-30,07:45,11.06
2023-10-30,08:45,11.06
2023-10-30,10:47,10.69
2023-10-30,11:47,10.38
2023-10-30,12:47,10.06
2023-10-30,13:46,10.13
2023-10-30,14:46,9.63
2023-10-30,15:46,9.38
2023-10-30,16:46,8.5
2023-10-30,17:46,8.5
2023-10-30,18:45,7.81
2023-10-30,19:45,6.25
2023-10-30,20:45,6.12
2023-10-30,21:45,5.94
2023-10-30,22:45,6
2023-10-30,23:44,5.31
2023-10-31,00:44,5.25
2023-10-31,01:44,4.81
2023-10-31,02:44,4.44
2023-10-31,03:44,4.19
2023-10-31,04:43,3.5
2023-10-31,05:43,3.75
2023-10-31,06:43,3.37
2023-10-31,13:46,1.69
2023-10-31,14:46,1.37
2023-10-31,15:45,0.69
2023-10-31,16:45,0.31
2023-10-31,17:45,0
2023-10-31,18:45,-0.06
2023-10-31,19:45,0
2023-10-31,20:44,0
2023-10-31,21:44,0.19
2023-10-31,22:44,0.5
2023-10-31,23:44,0.81
2023-11-01,00:44,1.12
2023-11-01,01:43,1.31
2023-11-01,02:43,1.69
2023-11-01,03:43,1.31
2023-11-01,04:43,1.06
2023-11-01,05:43,1
2023-11-01,06:42,1.06
2023-11-01,07:42,1.12
2023-11-01,08:42,1.37
2023-11-01,09:42,1.56
2023-11-01,10:42,2
2023-11-01,11:41,2.12
2023-11-01,12:41,3.12
2023-11-01,13:41,2.31
2023-11-01,16:23,2.87
2023-11-01,17:21,2.12
2023-11-01,18:21,1.37
2023-11-01,19:21,1.19
2023-11-01,20:21,1.31
2023-11-01,21:21,0.69
2023-11-01,22:20,0.5
2023-11-01,23:20,0.62
2023-11-02,00:20,0.81
2023-11-02,01:20,0.56
2023-11-02,02:20,0.62
2023-11-02,03:19,0.69
2023-11-02,04:19,0.62
2023-11-02,05:19,0.75
2023-11-02,06:19,0.88
2023-11-02,07:18,1
2023-11-02,08:18,1.62
2023-11-02,09:18,3.62
2023-11-02,10:18,5.06
2023-11-02,11:18,5.94
2023-11-02,12:18,6.25
2023-11-02,13:17,6.69
2023-11-02,14:17,7.62
2023-11-02,15:17,7.87
2023-11-02,18:29,8.63
2023-11-03,11:33,4.87
2023-11-03,13:43,7.12
2023-11-03,14:41,7.87
2023-11-03,16:13,8.75
2023-11-03,17:12,8.75
2023-11-03,18:11,7.69
2023-11-03,19:11,7.12
2023-11-03,21:10,6.12
2023-11-03,22:10,5.62
2023-11-03,23:11,4.44
2023-11-04,00:13,3.75
2023-11-04,01:14,3.87
2023-11-04,02:17,3.94
2023-11-04,03:29,3.62
2023-11-04,08:43,4.94
2023-11-05,12:38,5.62
2023-11-05,13:45,3.12
2023-11-05,14:45,3.69
2023-11-05,15:44,3.81
2023-11-05,16:44,3.31
2023-11-05,17:43,2.75
2023-11-05,18:43,2.12
2023-11-05,19:42,1.56
2023-11-05,22:42,0.13
2023-11-06,00:41,-1.19
2023-11-06,06:40,-2.5
2023-11-06,10:40,-0.94
2023-11-06,11:39,1.44
2023-11-06,12:39,5.06
2023-11-06,18:39,3.87
2023-11-06,20:38,2.75
2023-11-06,22:38,1.31
2023-11-07,01:37,-0.25
2023-11-07,05:37,-1.5
2023-11-07,10:36,0.44
2023-11-07,11:36,2.56
2023-11-07,12:36,6.94
2023-11-07,14:35,8.5
2023-11-07,18:35,6.75
2023-11-07,20:34,5.56
2023-11-07,21:34,4.37
2023-11-07,22:34,3.19
2023-11-08,10:32,3.87
2023-11-08,11:32,6.56
2023-11-08,12:32,11
2023-11-08,15:32,12.44
2023-11-08,17:31,10.44
2023-11-08,18:31,8.88
2023-11-08,19:31,7.44
2023-11-08,20:31,5.69
2023-11-09,02:30,4.19
2023-11-09,05:29,2.87
2023-11-09,17:28,5.62
2023-11-10,00:27,4.44
2023-11-10,04:26,2.94
2023-11-10,12:24,4
2023-11-10,15:24,2.87
2023-11-10,18:24,4.25
2023-11-11,01:22,5.31
2023-11-11,11:21,6.44
2023-11-11,12:20,7.94
2023-11-11,14:20,9.06
2023-11-11,17:20,7.87
2023-11-11,18:19,6.81
2023-11-11,23:19,5.75
2023-11-12,14:16,6.81
2023-11-12,18:15,4.75
2023-11-13,01:14,3.56
2023-11-13,18:11,2
2023-11-13,21:11,3.06
2023-11-14,02:10,1.37
2023-11-14,06:09,2.5
2023-11-14,12:37,3.81
2023-11-14,14:35,4.81
2023-11-14,17:35,4.69
2023-11-14,18:35,3.37
2023-11-14,20:34,2.19
2023-11-14,23:33,1.87
2023-11-15,05:32,0.88
2023-11-15,10:31,3
2023-11-15,11:44,4.69
2023-11-15,12:44,6.87
2023-11-15,14:43,8.19
2023-11-15,15:43,8.56
2023-11-15,17:42,6.69
2023-11-15,20:42,4.94
2023-11-15,21:41,4.19
2023-11-16,01:40,3.19
2023-11-16,03:40,2.69
2023-11-16,09:38,3.56
2023-11-16,10:38,4.75
2023-11-16,12:38,7.5
2023-11-16,14:38,8.88
2023-11-16,17:37,7.31
2023-11-16,21:36,6.19
2023-11-17,03:35,5.44
2023-11-17,09:33,4.75
2023-11-17,13:32,5.75
2023-11-17,15:32,6.06
2023-11-17,21:30,6.81
2023-11-18,03:29,7.25
2023-11-18,07:28,8.44
2023-11-18,09:27,9.25
2023-11-18,11:27,10.56
2023-11-18,12:27,11.63
2023-11-18,15:26,11.25
2023-11-18,16:26,9.63
2023-11-18,17:26,8.19
2023-11-18,18:25,6.19
2023-11-18,19:25,3.62
2023-11-18,20:25,1.81
2023-11-18,21:25,1
2023-11-18,23:24,-0.25
2023-11-19,01:24,-1.31
2023-11-19,03:24,-2.5
2023-11-19,07:22,-4.56
2023-11-19,09:22,-5.56
2023-11-19,15:20,-4.56
2023-11-19,17:20,-5.81
2023-11-19,20:19,-6.87
2023-11-19,21:19,-7.5
2023-11-20,01:18,-8.75
2023-11-20,03:18,-9.06
2023-11-20,09:16,-9.06
2023-11-20,11:16,-6.81
2023-11-20,12:16,-5.44
2023-11-20,13:16,-4.06
2023-11-20,16:15,-2.94
2023-11-20,19:15,-5.44
2023-11-20,21:14,-6.94
2023-11-21,03:13,-7.87
2023-11-21,09:11,-7.56
2023-11-21,11:11,-5.5
2023-11-21,12:11,-2.5
2023-11-21,13:11,-0.88
2023-11-21,14:10,0.56
2023-11-21,15:10,1.94
2023-11-21,17:10,0.81
2023-11-21,18:10,-0.25
2023-11-21,19:10,-1.37
2023-11-21,21:09,-1.75
2023-11-22,00:09,-2.87
2023-11-22,03:08,-3.12
2023-11-22,07:07,-1.62
2023-11-22,09:06,-0.44
2023-11-22,11:06,2.19
2023-11-22,15:05,3.56
2023-11-22,21:04,4.56
2023-11-23,03:02,4.56
2023-11-23,06:01,3.56
2023-11-23,08:01,2.06
2023-11-23,09:01,1.87
2023-11-23,12:00,3.06
2023-11-23,14:59,2.62
2023-11-23,16:59,0.88
2023-11-23,20:58,-1.19
2023-11-24,00:57,-2.19
2023-11-24,02:56,-1.94
2023-11-24,08:55,-1.12
2023-11-24,10:54,0.75
2023-11-24,11:54,2.06
2023-11-24,12:54,3.06
2023-11-24,14:54,4.19
2023-11-25,00:52,-7.37
2023-11-25,01:52,-7.75
2023-11-25,07:50,-6.94
2023-11-25,09:50,-5.56
2023-11-25,11:49,-4.12
2023-11-25,12:49,-3.06
2023-11-25,13:49,-2.31
2023-11-25,17:48,-1.19
2023-11-25,19:48,-0.94
2023-11-25,22:47,-2.12
2023-11-26,01:46,-3.19
2023-11-26,07:45,-3.31
2023-11-26,09:44,-1.37
2023-11-26,10:44,0.19
2023-11-26,11:44,1.56
2023-11-26,12:44,2.69
2023-11-26,13:44,3.75
2023-11-26,16:43,2.00
2023-11-26,19:43,1.62
2023-11-27,01:41,2.75
2023-11-27,07:40,2.06
2023-11-27,10:39,3.12
2023-11-27,11:39,4.37
2023-11-27,13:38,5.62
2023-11-27,17:37,4.37
2023-11-27,19:37,4.00
2023-11-28,01:35,4.00
2023-11-28,07:34,3.50
2023-11-28,10:33,5.19
2023-11-28,13:33,6.81
2023-11-28,16:32,4.56
2023-11-28,17:32,2.50
2023-11-28,18:31,1.37
2023-11-28,19:31,0.19
2023-11-29,01:30,-0.56
2023-11-29,07:28,0.13
2023-11-29,09:28,1.12
2023-11-29,10:28,2.62
2023-11-29,11:28,4.69
2023-11-29,12:28,6.62
2023-11-29,13:27,7.50
2023-11-29,17:26,6.31
2023-11-29,19:26,5.31
2023-11-29,23:25,4.25
2023-11-30,00:25,2.94
2023-11-30,01:25,2.94
2023-11-30,05:24,1.81
2023-11-30,07:23,1.37
2023-11-30,13:22,0.69
2023-11-30,16:21,-0.37
2023-11-30,18:21,-1.37
2023-11-30,19:20,-2.06
2023-12-01,01:19,-1.81
2023-12-01,07:17,-2.12
2023-12-01,13:16,-2.44
2023-12-01,19:14,-2.56
2023-12-02,00:13,-3.81
2023-12-02,01:13,-2.75
2023-12-02,02:13,-1.56
2023-12-02,05:12,-0.37
2023-12-02,07:11,-0.31
2023-12-02,10:11,0.88
2023-12-02,11:11,2.19
2023-12-02,13:10,2.37
2023-12-02,19:09,1.62
2023-12-03,01:07,1.31
2023-12-03,03:07,2.50
2023-12-03,07:06,2.06
2023-12-03,10:05,0.81
2023-12-03,13:04,0.00
2023-12-03,16:03,-1.44
2023-12-03,19:03,-3.94
2023-12-03,20:02,-7.06
2023-12-03,23:02,-8.50
2023-12-04,01:01,-8.81
2023-12-04,03:01,-10.06
2023-12-04,05:00,-11.38
2023-12-04,07:00,-12.13
2023-12-04,11:59,-10.38
2023-12-04,12:59,-9.75
2023-12-04,13:58,-8.25
2023-12-04,17:58,-7.12
2023-12-04,18:58,-6.31
2023-12-04,20:57,-4.62
2023-12-04,22:56,-2.37
2023-12-04,23:56,-1.12
2023-12-05,01:56,-0.13
2023-12-05,04:55,1.12
2023-12-05,05:55,1.50
2023-12-05,07:55,2.56
2023-12-05,10:54,3.94
2023-12-05,11:54,4.06
2023-12-05,17:52,3.50
2023-12-05,23:51,3.87
2023-12-06,05:49,1.87
2023-12-06,06:49,0.75
2023-12-06,08:48,-1.44
2023-12-06,10:48,-3.37
2023-12-06,11:48,-4.25
2023-12-06,15:47,-7.06
2023-12-06,17:47,-8.25
2023-12-06,18:47,-9.25
2023-12-06,19:46,-10.56
2023-12-06,21:46,-12.00
2023-12-06,22:46,-13.06
2023-12-06,23:46,-14.25
2023-12-07,01:45,-16.19
2023-12-07,04:44,-17.19
2023-12-07,05:44,-17.56
2023-12-07,07:44,-18.75
2023-12-07,11:43,-18.00
2023-12-07,14:42,-17.00
2023-12-07,16:42,-18.00
2023-12-07,17:41,-18.44
2023-12-07,22:40,-20.00
2023-12-07,23:40,-21.19
2023-12-08,01:39,-22.31
2023-12-08,02:39,-23.44
2023-12-08,03:39,-24.50
2023-12-08,05:39,-25.75
2023-12-08,08:38,-27.06
2023-12-08,11:37,-26.44
2023-12-08,13:37,-25.31
2023-12-08,16:36,-26.31
2023-12-08,17:36,-26.81
2023-12-08,23:34,-27.25
2023-12-09,05:33,-28.38
2023-12-09,09:32,-26.69
2023-12-09,10:32,-25.56
2023-12-09,11:31,-23.81
2023-12-09,12:31,-22.25
2023-12-09,14:31,-20.69
2023-12-09,16:31,-22.50
2023-12-09,17:30,-22.69
2023-12-09,22:29,-23.81
2023-12-10,03:28,-24.87
2023-12-10,07:27,-26.00
2023-12-10,11:27,-22.87
2023-12-10,13:26,-21.81
2023-12-10,17:26,-23.00
2023-12-11,09:24,-27.00
2023-12-11,11:23,-27.25
2023-12-11,16:22,-28.56
2023-12-11,18:22,-30.37
2023-12-11,20:22,-31.44
2023-12-11,21:21,-32.63
2023-12-11,23:21,-34.13
2023-12-12,01:20,-32.75
2023-12-12,05:19,-31.75
2023-12-12,10:18,-30.37
2023-12-12,11:18,-29.56
2023-12-12,12:18,-28.44
2023-12-12,14:18,-26.87
2023-12-12,17:17,-27.37
2023-12-12,23:15,-28.38
2023-12-13,05:14,-29.06
2023-12-13,09:13,-27.19
2023-12-13,10:13,-25.75
2023-12-13,11:13,-24.56
2023-12-13,12:13,-23.25
2023-12-13,13:13,-21.87
2023-12-13,15:12,-20.62
2023-12-13,17:12,-21.31
2023-12-13,23:10,-22.44
2023-12-14,05:09,-22.94
2023-12-14,07:08,-21.81
2023-12-14,10:08,-20.00
2023-12-14,11:08,-18.31
2023-12-14,12:08,-16.25
2023-12-14,13:07,-15.13
2023-12-14,14:07,-14.13
2023-12-14,17:07,-14.44
2023-12-14,23:05,-15.19
2023-12-15,02:04,-14.06
2023-12-15,04:04,-12.75
2023-12-15,05:04,-12.75
2023-12-15,11:02,-10.69
2023-12-15,14:02,-9.38
2023-12-15,17:01,-10.94
2023-12-15,19:00,-12.19
2023-12-15,22:59,-13.19
2023-12-16,04:58,-12.31
2023-12-16,10:56,-10.25
2023-12-16,12:56,-8.31
2023-12-16,14:56,-7.25
2023-12-16,16:55,-8.25
2023-12-16,20:54,-9.38
2023-12-16,22:54,-10.06
2023-12-17,01:53,-11.56
2023-12-17,03:53,-12.56
2023-12-17,04:52,-12.94
2023-12-17,10:51,-11.06
2023-12-17,11:51,-9.19
2023-12-17,12:51,-7.56
2023-12-17,13:51,-6.50
2023-12-17,16:50,-7.50
2023-12-17,17:50,-8.63
2023-12-17,18:50,-9.75
2023-12-17,20:49,-10.81
2023-12-17,22:48,-9.69
2023-12-18,01:48,-9.50
2023-12-18,03:47,-7.81
2023-12-18,07:46,-6.87
2023-12-18,10:46,-5.37
2023-12-18,12:45,-4.00
2023-12-18,13:45,-3.75
2023-12-18,19:44,-3.12
2023-12-19,01:42,-3.62
2023-12-19,07:41,-3.50
2023-12-19,11:40,-2.37
2023-12-19,12:40,-4.69
2023-12-19,13:40,-6.75
2023-12-19,15:39,-7.87
2023-12-19,17:39,-6.87
2023-12-19,18:38,-7.94
2023-12-19,19:38,-7.37
2023-12-19,22:38,-6.25
2023-12-20,01:37,-6.69
2023-12-20,07:35,-7.50
2023-12-20,12:34,-6.50
2023-12-20,13:34,-7.62
2023-12-20,16:34,-10.25
2023-12-20,17:33,-11.75
2023-12-20,19:33,-10.06
2023-12-20,21:33,-7.87
2023-12-21,00:32,-6.44
2023-12-21,01:32,-6.44
2023-12-21,05:31,-4.81
2023-12-21,07:30,-3.25
2023-12-21,09:30,-1.81
2023-12-21,11:29,-0.37
2023-12-21,12:29,0.81
2023-12-21,13:29,0.75
2023-12-21,19:28,0.75
2023-12-22,01:26,-0.62
2023-12-22,06:25,-1.75
2023-12-22,07:25,-1.94
2023-12-22,13:23,-2.81
2023-12-22,15:23,-3.81
2023-12-22,16:23,-4.87
2023-12-22,19:22,-5.81
2023-12-22,22:21,-4.31
2023-12-23,01:20,-2.94
2023-12-23,07:19,-3.81
2023-12-23,11:18,-1.31
2023-12-23,13:18,-0.62
2023-12-23,17:16,-2.00
2023-12-23,18:16,-3.31
2023-12-23,19:16,-4.50
2023-12-23,22:16,-6.25
2023-12-24,06:15,-5.25
2023-12-24,07:14,-5.31
2023-12-24,11:13,-3.56
2023-12-24,12:13,-2.19
2023-12-24,13:13,-1.37
2023-12-24,18:12,-2.37
2023-12-24,19:12,-2.50
2023-12-24,21:11,-1.31
2023-12-25,01:10,-0.75
2023-12-25,03:09,1.06
2023-12-25,06:09,2.06
2023-12-25,07:09,2.06
2023-12-25,13:07,2.56
2023-12-25,15:07,1.25
2023-12-25,19:05,2.06
2023-12-25,22:05,4.19
2023-12-26,01:04,4.19
2023-12-26,04:03,3.12
2023-12-26,05:03,1.94
2023-12-26,06:03,0.50
2023-12-26,07:03,0.06
2023-12-26,09:02,-2.12
2023-12-26,13:01,-2.19
2023-12-26,18:00,-3.69
2023-12-26,19:00,-4.50
2023-12-26,21:59,-3.31
2023-12-27,00:58,-3.25
2023-12-27,02:58,-2.25
2023-12-27,06:57,-2.19
2023-12-27,09:56,-0.94
2023-12-27,10:56,0.06
2023-12-27,11:56,1.25
2023-12-27,12:56,1.31
2023-12-27,18:54,0.37
2023-12-28,00:53,-1.19
2023-12-28,06:51,-0.62
2023-12-28,11:50,0.44
2023-12-28,12:50,0.75
2023-12-28,18:48,0.69
2023-12-29,00:47,1.75
2023-12-29,06:45,1.19
2023-12-29,08:45,-0.13
2023-12-29,12:44,-1.44
2023-12-29,15:43,-2.94
2023-12-29,18:43,-5.81
2023-12-29,20:43,-7.12
2023-12-30,00:42,-6.62
2023-12-30,06:40,-6.50
2023-12-30,09:40,-5.25
2023-12-30,11:39,-4.19
2023-12-30,12:39,-3.19
2023-12-30,18:37,-2.94
2023-12-30,21:37,-1.87
2023-12-31,00:36,-1.37
2023-12-31,03:35,-2.37
2023-12-31,06:35,-3.94
2023-12-31,11:33,-2.62
2023-12-31,12:33,-2.00
2023-12-31,17:32,-0.81
2023-12-31,18:32,-0.44
2024-01-01,00:30,0.13
2024-01-01,02:30,-1.56
2024-01-01,06:29,-0.25
2024-01-01,12:27,0.88
2024-01-01,14:27,-0.19
2024-01-01,18:26,-0.94
2024-01-02,00:24,-1.50
2024-01-02,06:22,-1.31
2024-01-02,12:21,-0.94
2024-01-02,15:20,-2.37
2024-01-02,16:19,-4.25
2024-01-02,17:19,-5.56
2024-01-02,19:18,-7.31
2024-01-02,20:18,-9.63
2024-01-02,21:18,-11.94
2024-01-03,01:16,-10.94
2024-01-03,06:15,-11.88
2024-01-03,09:14,-10.56
2024-01-03,11:13,-7.81
2024-01-03,13:12,-6.56
2024-01-03,16:11,-8.19
2024-01-03,21:09,-6.87
2024-01-04,02:07,-7.44
2024-01-04,06:06,-9.75
2024-01-04,07:05,-11.06
2024-01-04,10:04,-9.56
2024-01-04,11:03,-7.25
2024-01-04,12:03,-5.44
2024-01-04,17:01,-4.81
2024-01-04,21:59,-4.19
2024-01-04,23:59,-3.25
2024-01-05,04:57,-2.12
2024-01-05,09:56,-2.12
2024-01-05,11:55,-1.06
2024-01-05,16:53,-2.06
2024-01-05,18:52,-4.44
2024-01-05,21:52,-6.06
2024-01-05,22:51,-5.50
2024-01-06,04:50,-4.94
2024-01-06,09:49,-3.81
2024-01-06,10:49,-3.12
2024-01-06,11:48,-1.87
2024-01-06,16:47,-1.94
2024-01-06,22:46,-1.62
2024-01-07,04:44,-2.19
2024-01-07,08:43,-3.19
2024-01-07,10:43,-4.12
2024-01-07,11:42,-3.12
2024-01-07,12:42,-1.75
2024-01-07,16:41,-1.75
2024-01-07,19:40,-0.62
2024-01-07,21:40,0.50
2024-01-07,22:40,0.62
2024-01-08,04:38,-0.44
2024-01-08,07:37,-1.81
2024-01-08,09:37,-1.19
2024-01-08,10:36,-3.31
2024-01-08,11:36,-4.94
2024-01-08,12:35,-7.75
2024-01-08,13:35,-9.31
2024-01-08,14:34,-10.69
2024-01-08,15:33,-12.19
2024-01-08,16:33,-13.44
2024-01-08,17:33,-14.75
2024-01-08,19:32,-15.94
2024-01-08,21:31,-16.81
2024-01-09,00:30,-17.75
2024-01-09,01:30,-19.00
2024-01-09,02:29,-20.00
2024-01-09,04:28,-21.94
2024-01-09,05:28,-23.06
2024-01-09,07:27,-24.87
2024-01-09,10:26,-22.94
2024-01-09,13:25,-21.37
2024-01-09,15:24,-20.12
2024-01-09,20:22,-18.94
2024-01-09,22:22,-16.81
2024-01-09,23:21,-14.75
2024-01-10,00:21,-13.13
2024-01-10,01:20,-12.00
2024-01-10,02:20,-10.50
2024-01-10,03:19,-8.63
2024-01-10,04:19,-4.81
2024-01-10,05:18,-3.06
2024-01-10,06:18,-1.25
2024-01-10,08:17,0.25
2024-01-10,13:16,-3.94
2024-01-10,15:15,-5.00
2024-01-10,16:15,-10.13
2024-01-10,17:15,-15.00
2024-01-10,18:14,-16.44
2024-01-10,19:14,-16.12
2024-01-10,23:13,-14.81
2024-01-11,01:13,-15.19
2024-01-11,04:12,-17.00
2024-01-11,07:12,-18.06
2024-01-11,13:10,-17.81
2024-01-11,15:10,-19.81
2024-01-11,16:09,-21.87
2024-01-11,17:09,-23.44
2024-01-11,18:09,-24.81
2024-01-11,20:08,-25.88
2024-01-12,00:07,-24.81
2024-01-12,05:05,-25.62
2024-01-12,09:04,-23.56
2024-01-12,10:03,-21.31
2024-01-12,11:03,-19.12
2024-01-12,12:03,-18.00
2024-01-12,13:02,-15.38
2024-01-12,14:02,-13.75
2024-01-12,15:01,-11.81
2024-01-12,17:01,-10.69
2024-01-12,19:00,-10.13
2024-01-12,21:00,-8.94
2024-01-12,23:59,-9.56
2024-01-13,01:59,-10.50
2024-01-13,06:57,-11.56
2024-01-13,09:56,-9.38
2024-01-13,10:56,-7.31
2024-01-13,11:55,-5.81
2024-01-13,16:54,-5.12
2024-01-13,19:53,-3.94
2024-01-13,20:52,-2.94
2024-01-14,00:51,-1.75
2024-01-14,04:49,-2.81
2024-01-14,05:49,-4.69
2024-01-14,06:48,-9.88
2024-01-14,07:47,-12.88
2024-01-14,08:47,-15.13
2024-01-14,09:46,-16.94
2024-01-14,11:46,-18.31
2024-01-14,13:45,-19.87
2024-01-14,15:44,-21.31
2024-01-14,16:43,-22.25
2024-01-14,18:43,-23.81
2024-01-14,20:42,-24.94
2024-01-15,01:40,-24.81
2024-01-15,06:39,-24.81
2024-01-15,09:38,-23.50
2024-01-15,11:37,-21.87
2024-01-15,17:36,-22.00
2024-01-15,19:35,-22.94
2024-01-16,00:37,-23.19
2024-01-16,01:37,-24.19
2024-01-16,15:01,-15.25
2024-01-16,16:02,-16.62
2024-01-16,21:00,-18.12
2024-01-17,02:58,-17.87
2024-01-17,08:57,-18.50
2024-01-17,09:57,-16.75
2024-01-17,12:56,-14.63
2024-01-17,14:56,-13.38
2024-01-17,17:55,-14.69
2024-01-17,19:55,-16.69
2024-01-17,20:54,-17.62
2024-01-18,00:53,-18.75
2024-01-18,02:53,-18.62
2024-01-18,06:52,-20.00
2024-01-18,08:51,-19.81
2024-01-18,09:51,-17.94
2024-01-18,10:51,-16.69
2024-01-18,11:51,-14.31
2024-01-18,12:51,-13.25
2024-01-18,13:51,-11.63
2024-01-18,14:51,-11.63
2024-01-18,16:50,-13.50
2024-01-18,19:49,-14.69
2024-01-18,20:49,-15.25
2024-01-19,02:48,-15.94
2024-01-19,06:47,-14.38
2024-01-19,08:46,-12.75
2024-01-19,09:46,-11.75
2024-01-19,10:46,-10.75
2024-01-19,14:45,-11.50
2024-01-19,16:44,-12.69
2024-01-19,18:44,-14.00
2024-01-19,20:43,-15.94
2024-01-19,23:43,-17.37
2024-01-20,00:42,-20.06
2024-01-20,02:42,-22.13
2024-01-20,04:41,-23.19
2024-01-20,06:40,-24.31
2024-01-20,07:40,-24.56
2024-01-20,08:40,-23.44
2024-01-20,09:40,-22.19
2024-01-20,10:40,-18.81
2024-01-20,11:40,-17.44
2024-01-20,13:39,-17.31
2024-01-20,14:39,-16.00
2024-01-20,16:39,-17.37
2024-01-20,17:38,-18.75
2024-01-20,18:38,-19.75
2024-01-20,19:38,-20.06
2024-01-20,21:38,-18.94
2024-01-20,23:37,-20.88
2024-01-21,01:37,-19.37
2024-01-21,05:36,-17.56
2024-01-21,07:35,-17.94
2024-01-21,09:35,-16.19
2024-01-21,10:35,-14.75
2024-01-21,11:35,-13.69
2024-01-21,13:34,-13.62
2024-01-21,14:34,-12.44
2024-01-21,16:34,-14.13
2024-01-21,19:33,-13.81
2024-01-21,21:32,-14.81
2024-01-22,00:32,-15.81
2024-01-22,01:31,-16.19
2024-01-22,06:30,-17.37
2024-01-22,07:30,-18.00
2024-01-22,09:29,-16.75
2024-01-22,11:29,-13.88
2024-01-22,12:28,-12.19
2024-01-22,14:28,-10.00
2024-01-22,16:28,-11.50
2024-01-22,18:27,-12.94
2024-01-22,20:27,-14.00
2024-01-22,22:26,-15.31
2024-01-23,01:25,-16.87
2024-01-23,05:24,-15.38
2024-01-23,10:22,-15.06
2024-01-23,11:21,-13.50
2024-01-23,12:21,-11.63
2024-01-23,15:20,-10.44
2024-01-23,17:19,-12.25
2024-01-23,23:18,-13.19
2024-01-24,04:16,-14.50
2024-01-24,06:15,-13.50
2024-01-24,09:14,-12.13
2024-01-24,10:14,-10.56
2024-01-24,11:13,-9.00
2024-01-24,12:13,-7.75
2024-01-24,16:12,-9.06
2024-01-24,20:10,-7.94
2024-01-24,22:10,-5.81
2024-01-25,03:08,-4.81
2024-01-25,06:07,-3.69
2024-01-25,09:06,-2.44
2024-01-25,11:05,-1.25
2024-01-25,12:05,0.50
2024-01-25,13:04,1.69
2024-01-25,14:04,0.69
2024-01-25,16:04,-0.50
2024-01-25,17:03,-0.94
2024-01-25,22:02,-0.75
2024-01-26,02:00,-2.19
2024-01-26,04:59,-4.50
2024-01-26,05:59,-7.62
2024-01-26,05:59,-7.75
2024-01-26,06:58,-9.81
2024-01-26,07:58,-10.75
2024-01-26,12:56,-10.44
2024-01-26,14:55,-11.38
2024-01-26,15:55,-12.81
2024-01-26,16:54,-13.75
2024-01-26,21:53,-13.13
2024-01-27,02:51,-12.56
2024-01-27,07:50,-13.81
2024-01-27,10:49,-11.81
2024-01-27,12:48,-10.44
2024-01-30,11:35,-13.88
2024-01-30,12:35,-12.81
2024-01-30,15:35,-13.13
2024-01-30,16:35,-14.19
2024-01-30,18:34,-15.38
2024-01-30,21:33,-15.44
2024-01-30,23:33,-14.13
2024-01-31,01:32,-12.75
2024-01-31,03:32,-11.31
2024-01-31,04:32,-10.31
2024-01-31,06:31,-8.88
2024-01-31,08:31,-7.37
2024-01-31,09:31,-6.06
2024-01-31,11:30,-3.44
2024-01-31,13:30,-4.81
2024-01-31,14:30,-6.37
2024-01-31,15:26,-6.94
2024-01-31,16:25,-9.44
2024-01-31,17:25,-10.94
2024-01-31,18:25,-12.00
2024-01-31,20:25,-13.75
2024-02-01,00:24,-12.37
2024-02-01,02:23,-10.94
2024-02-01,06:22,-9.88
2024-02-01,08:22,-10.19
2024-02-01,10:21,-7.31
2024-02-01,11:21,-5.81
2024-02-01,13:21,-3.87
2024-02-01,14:21,-4.12
2024-02-01,15:20,-5.44
2024-02-01,18:20,-7.81
2024-02-01,20:20,-8.56
2024-02-01,22:19,-9.69
2024-02-02,05:18,-11.63
2024-02-02,08:17,-14.44
2024-02-02,11:17,-13.44
2024-02-02,14:16,-11.81
2024-02-02,20:14,-12.19
2024-02-03,02:13,-11.19
2024-02-03,04:12,-10.19
2024-02-03,08:12,-8.94
2024-02-03,10:11,-7.75
2024-02-03,14:10,-6.81
2024-02-03,17:10,-7.81
2024-02-03,20:09,-7.00
2024-02-03,23:08,-6.00
2024-02-04,02:08,-5.31
2024-02-04,08:06,-5.44
2024-02-04,11:05,-4.25
2024-02-04,13:05,-3.25
2024-02-04,14:05,-2.19
2024-02-04,16:04,-3.37
2024-02-04,17:04,-4.75
2024-02-04,18:04,-5.87
2024-02-04,20:04,-6.31
2024-02-04,22:03,-7.56
2024-02-05,00:03,-6.25
2024-02-05,02:02,-5.94
2024-02-05,06:01,-4.87
2024-02-05,08:01,-4.31
2024-02-05,10:00,-3.31
2024-02-05,12:00,-1.62
2024-02-05,14:00,-2.12
2024-02-05,16:59,-3.12
2024-02-05,19:58,-2.87
2024-02-06,01:57,-3.62
2024-02-06,06:55,-5.06
2024-02-06,07:55,-5.94
2024-02-06,09:55,-4.56
2024-02-06,11:54,-2.44
2024-02-06,13:54,-2.50
2024-02-06,16:53,-4.37
2024-02-06,19:52,-4.37
2024-02-07,01:51,-4.87
2024-02-07,04:50,-3.44
2024-02-07,06:50,-2.19
2024-02-07,07:49,-2.31
2024-02-07,09:49,-1.06
2024-02-07,12:48,-0.06
2024-02-07,13:48,0.56
2024-02-07,16:48,-1.62
2024-02-07,17:47,-3.31
2024-02-07,19:47,-4.81
2024-02-07,20:47,-5.81
2024-02-07,22:46,-6.87
2024-02-08,01:46,-6.62
2024-02-08,03:45,-7.81
2024-02-08,07:44,-6.37
2024-02-08,13:43,-6.00
2024-02-08,16:42,-5.00
2024-02-08,18:41,-4.00
2024-02-08,19:41,-3.37
2024-02-08,21:41,-1.75
2024-02-08,22:41,-0.44
2024-02-09,00:40,0.88
2024-02-09,01:40,1.31
2024-02-09,07:39,1.50
2024-02-09,13:37,1.50
2024-02-09,15:36,2.62
2024-02-09,19:35,3.00
2024-02-10,00:34,0.31
2024-02-10,01:34,-1.12
2024-02-10,02:34,-3.12
2024-02-10,03:34,-4.12
2024-02-10,04:33,-5.87
2024-02-10,05:33,-6.94
2024-02-10,07:33,-7.25
2024-02-10,11:32,-5.87
2024-02-10,16:31,-8.38
2024-02-10,17:31,-10.06
2024-02-10,18:30,-11.25
2024-02-10,19:30,-12.00
2024-02-10,23:29,-13.31
2024-02-11,01:28,-14.31
2024-02-11,03:28,-15.50
2024-02-11,04:28,-16.56
2024-02-11,06:27,-18.00
2024-02-11,07:27,-18.25
2024-02-11,10:26,-16.62
2024-02-11,11:26,-14.44
2024-02-11,12:26,-12.44
2024-02-11,13:26,-13.50
2024-02-11,17:25,-15.50
2024-02-11,18:25,-16.69
2024-02-11,19:24,-17.31
2024-02-11,22:24,-18.44
2024-02-12,01:23,-19.56
2024-02-12,05:22,-20.62
2024-02-12,07:21,-21.06
2024-02-12,09:21,-19.37
2024-02-12,10:21,-17.37
2024-02-12,11:20,-15.88
2024-02-12,12:20,-13.62
2024-02-12,13:20,-14.06
2024-02-12,14:20,-12.37
2024-02-12,18:19,-13.94
2024-02-12,19:19,-14.31
2024-02-12,21:18,-15.50
2024-02-12,23:18,-16.62
2024-02-13,01:17,-16.87
2024-02-13,02:17,-18.56
2024-02-13,05:16,-19.56
2024-02-13,07:16,-18.56
2024-02-13,10:15,-14.38
2024-02-13,11:15,-11.38
2024-02-13,12:15,-9.00
2024-02-13,13:15,-8.44
2024-02-13,18:14,-10.25
2024-02-13,19:13,-10.19
2024-02-13,22:13,-8.56
2024-02-14,00:12,-6.94
2024-02-14,01:12,-6.25
2024-02-14,03:12,-5.19
2024-02-14,05:11,-3.31
2024-02-14,06:11,-2.19
2024-02-14,07:11,-1.69
2024-02-14,11:10,-4.37
2024-02-14,12:10,-6.37
2024-02-14,13:10,-8.19
2024-02-14,14:09,-10.44
2024-02-14,16:09,-12.37
2024-02-14,17:09,-13.56
2024-02-14,18:08,-15.06
2024-02-14,19:08,-15.88
2024-02-14,21:08,-18.12
2024-02-14,22:07,-19.31
2024-02-15,01:07,-20.25
2024-02-15,04:06,-21.94
2024-02-15,06:05,-22.87
2024-02-15,07:04,-24.12
2024-02-15,08:04,-25.06
2024-02-15,11:03,-23.94
2024-02-15,16:01,-24.50
2024-02-15,17:01,-25.44
2024-02-15,19:00,-26.37
2024-02-15,20:59,-28.50
2024-02-15,22:59,-29.63
2024-02-16,00:58,-30.56
2024-02-16,02:57,-31.56
2024-02-16,07:55,-31.62
2024-02-16,09:55,-27.81
2024-02-16,10:54,-25.50
2024-02-16,14:53,-23.87
2024-02-16,16:52,-24.69
2024-02-16,18:51,-26.25
2024-02-16,20:50,-27.25
2024-02-17,01:49,-27.81
2024-02-17,04:48,-29.50
2024-02-17,06:47,-30.37
2024-02-17,09:46,-24.81
2024-02-17,10:46,-22.81
2024-02-17,11:45,-21.12
2024-02-17,17:43,-23.62
2024-02-17,18:43,-24.44
2024-02-17,19:42,-25.31
2024-02-17,22:41,-26.31
2024-02-18,02:41,-27.13
2024-02-18,04:40,-26.00
2024-02-18,06:39,-27.56
2024-02-18,09:40,-25.12
2024-02-18,10:41,-21.31
2024-02-18,11:40,-18.12
2024-02-18,15:39,-16.87
2024-02-18,17:40,-18.94
2024-02-18,18:40,-19.81
2024-02-18,20:43,-21.06
2024-02-20,19:02,-21.37
2024-02-22,11:48,-14.44
2024-02-22,17:03,-15.31
2024-02-22,18:32,-16.37
2024-02-22,20:52,-18.50
2024-02-23,00:52,-19.44
2024-02-23,03:52,-18.44
2024-02-23,06:52,-19.50
2024-02-23,09:53,-17.06
2024-02-23,10:53,-13.06
2024-02-23,11:53,-11.31
2024-02-23,12:53,-10.88
2024-02-23,14:53,-12.88
2024-02-23,15:53,-15.44
2024-02-23,16:53,-17.56
2024-02-23,17:53,-19.37
2024-02-23,18:54,-20.44
2024-02-23,20:54,-21.75
2024-02-23,22:54,-22.81
2024-02-24,00:54,-23.00
2024-02-24,04:54,-24.94
2024-02-24,06:54,-26.50
2024-02-24,08:54,-25.25
2024-02-24,09:54,-21.50
2024-02-24,10:55,-17.44
2024-02-24,12:55,-16.87
2024-02-24,17:55,-17.94
2024-02-24,18:55,-19.19
2024-02-24,20:55,-20.94
2024-02-25,00:55,-21.12
2024-02-25,03:55,-22.19
2024-02-25,04:55,-21.12
2024-02-25,05:55,-19.81
2024-02-25,06:56,-19.19
2024-02-25,08:56,-17.25
2024-02-25,09:56,-14.87
2024-02-25,10:56,-13.19
2024-02-25,11:56,-10.75
2024-02-25,12:56,-10.31
2024-02-25,17:56,-11.50
2024-02-25,18:56,-12.00
2024-02-26,00:57,-12.31
2024-02-26,06:57,-12.00
2024-02-26,08:57,-10.75
2024-02-26,09:57,-9.31
2024-02-26,11:57,-6.94
2024-02-26,12:58,-6.69
2024-02-26,17:58,-8.44
2024-02-26,18:58,-8.50
2024-02-27,00:58,-8.56
2024-02-27,06:58,-9.38
2024-02-27,09:58,-8.06
2024-02-27,11:59,-6.31
2024-02-27,12:59,-5.69
2024-02-27,14:59,-4.56
2024-02-27,18:59,-5.81
2024-02-27,23:59,-7.31
2024-02-28,00:59,-7.31
2024-02-28,02:59,-8.38
2024-02-28,06:00,-9.75
2024-02-28,07:00,-9.81
2024-02-28,09:00,-7.81
2024-02-28,10:00,-6.75
2024-02-28,11:00,-4.69
2024-02-28,12:00,-2.81
2024-02-28,13:00,-2.87
2024-02-28,15:01,-1.62
2024-02-28,17:01,-3.81
2024-02-28,18:01,-6.12
2024-02-28,19:01,-7.87
2024-02-28,21:01,-9.44
2024-02-28,22:01,-10.44
2024-02-29,01:01,-11.69
2024-02-29,03:01,-12.75
2024-02-29,07:02,-13.19
2024-02-29,09:02,-10.81
2024-02-29,10:02,-5.94
2024-02-29,11:02,-1.37
2024-02-29,13:02,-1.69
2024-02-29,18:02,-4.37
2024-02-29,19:02,-6.00
2024-02-29,20:03,-7.69
2024-02-29,21:03,-8.75
2024-02-29,22:03,-9.81
2024-02-29,23:03,-11.19
2024-03-01,01:03,-11.63
2024-03-01,04:03,-12.88
2024-03-01,05:03,-13.94
2024-03-01,07:03,-14.19
2024-03-01,09:04,-11.56
2024-03-01,10:04,-8.25
2024-03-01,11:04,-3.94
2024-03-01,13:04,-4.00
2024-03-01,17:04,-6.37
2024-03-01,18:04,-7.62
2024-03-01,19:05,-8.44
2024-03-01,20:05,-9.44
2024-03-02,01:05,-8.75
2024-03-02,04:05,-7.75
2024-03-02,07:05,-7.37
2024-03-02,10:05,-5.62
2024-03-02,13:06,-5.75
2024-03-02,18:06,-6.87
2024-03-02,19:06,-6.87
2024-03-03,01:06,-7.44
2024-03-03,04:06,-8.44
2024-03-03,07:06,-9.75
2024-03-03,10:06,-8.19
2024-03-03,11:07,-6.62
2024-03-03,13:07,-5.06
2024-03-03,16:07,-6.06
2024-03-03,17:07,-7.06
2024-03-03,19:08,-8.38
2024-03-04,00:08,-9.81
2024-03-04,01:09,-10.13
2024-03-04,07:09,-10.75
2024-03-04,08:09,-9.63
2024-03-04,09:09,-8.44
2024-03-04,10:09,-7.44
2024-03-04,12:09,-5.56
2024-03-04,13:10,-5.25
2024-03-04,17:10,-6.81
2024-03-04,18:10,-7.81
2024-03-04,19:10,-8.50
2024-03-04,21:10,-9.63
2024-03-05,00:10,-10.63
2024-03-05,01:10,-11.31
2024-03-05,03:10,-12.63
2024-03-05,07:11,-12.69
2024-03-05,08:11,-11.44
2024-03-05,09:11,-9.19
2024-03-05,10:11,-4.44
2024-03-05,13:11,-3.62
2024-03-05,17:11,-4.75
2024-03-05,18:12,-5.81
2024-03-05,19:12,-6.25
2024-03-05,21:12,-7.37
2024-03-05,23:12,-8.56
2024-03-06,01:12,-9.44
2024-03-06,06:12,-10.75
2024-03-06,07:12,-11.25
2024-03-06,08:12,-10.06
2024-03-06,09:13,-8.50
2024-03-06,10:13,-4.87
2024-03-06,12:13,-3.31
2024-03-06,13:13,-2.75
2024-03-06,17:14,-4.50
2024-03-06,18:14,-5.75
2024-03-06,19:14,-6.12
2024-03-06,22:14,-7.50
2024-03-06,23:14,-8.56
2024-03-07,01:14,-10.31
2024-03-07,05:14,-11.44
2024-03-07,07:15,-10.63
2024-03-07,08:15,-9.56
2024-03-07,09:15,-8.38
2024-03-07,10:15,-7.00
2024-03-07,11:15,-5.69
2024-03-07,13:15,-5.50
2024-03-07,17:15,-6.75
2024-03-07,18:16,-7.81
2024-03-07,19:16,-8.19
2024-03-08,00:16,-9.31
2024-03-08,01:16,-10.19
2024-03-08,02:16,-12.63
2024-03-08,03:16,-15.31
2024-03-08,07:16,-15.69
2024-03-08,08:17,-14.13
2024-03-08,09:17,-12.37
2024-03-08,10:17,-5.31
2024-03-08,11:17,-3.25
2024-03-08,12:17,-4.31
2024-03-08,13:17,-4.31
2024-03-08,15:17,-2.87
2024-03-08,17:18,-4.44
2024-03-08,18:18,-6.19
2024-03-08,19:18,-7.06
2024-03-08,20:18,-8.19
2024-03-08,22:18,-9.44
2024-03-09,01:18,-10.44
2024-03-09,04:18,-9.19
2024-03-09,05:19,-8.00
2024-03-09,06:19,-6.87
2024-03-09,07:19,-5.69
2024-03-09,08:19,-4.12
2024-03-09,09:19,-1.94
2024-03-09,10:19,-0.44
2024-03-09,11:19,1.62
2024-03-09,12:19,3.00
2024-03-09,13:20,3.62
2024-03-09,16:20,2.50
2024-03-09,19:20,2.00
2024-03-10,00:20,0.62
2024-03-10,01:20,0.44
2024-03-10,03:20,-1.12
2024-03-10,06:20,-2.37
2024-03-10,07:20,-3.19
2024-03-10,09:20,-1.44
2024-03-10,10:21,0.00
2024-03-10,13:21,0.44
2024-03-10,17:21,-1.19
2024-03-10,18:21,-2.69
2024-03-10,19:21,-3.94
2024-03-10,20:21,-5.94
2024-03-10,21:21,-7.00
2024-03-11,01:22,-6.19
2024-03-11,03:22,-4.75
2024-03-11,07:22,-5.25
2024-03-11,09:22,-4.12
2024-03-11,12:22,-3.12
2024-03-11,13:22,-3.31
2024-03-11,16:23,-4.62
2024-03-11,18:23,-5.87
2024-03-11,19:23,-6.50
2024-03-11,23:23,-8.19
2024-03-12,01:23,-7.31
2024-03-12,07:23,-8.00
2024-03-12,11:23,-6.06
2024-03-12,13:24,-5.12
2024-03-12,16:24,-6.19
2024-03-12,17:24,-7.87
2024-03-12,19:24,-8.56
2024-03-13,01:24,-9.25
2024-03-13,04:24,-8.13
2024-03-13,07:24,-7.00
2024-03-13,09:24,-4.56
2024-03-13,13:25,-3.56
2024-03-13,15:25,-5.87
2024-03-13,17:25,-7.69
2024-03-13,18:25,-8.75
2024-03-13,19:25,-10.44
2024-03-13,20:25,-11.81
2024-03-13,21:26,-13.31
2024-03-13,23:26,-14.69
2024-03-14,01:26,-16.31
2024-03-14,04:26,-17.37
2024-03-14,07:26,-17.62
2024-03-14,08:26,-16.12
2024-03-14,09:26,-13.88
2024-03-14,10:27,-11.44
2024-03-14,11:27,-7.81
2024-03-14,14:28,-5.56
2024-03-14,17:28,-7.31
2024-03-14,18:28,-8.31
2024-03-14,19:28,-9.00
2024-03-15,01:28,-10.38
2024-03-15,04:29,-12.44
2024-03-15,05:29,-13.81
2024-03-15,07:29,-13.19
2024-03-15,08:29,-11.19
2024-03-15,09:29,-9.31
2024-03-15,10:29,-7.00
2024-03-15,11:29,-4.94
2024-03-15,13:30,-4.31
2024-03-15,16:30,-5.87
2024-03-15,18:30,-7.06
2024-03-15,19:30,-7.44
2024-03-15,23:30,-8.69
2024-03-16,01:30,-9.38
2024-03-16,07:30,-10.00
2024-03-16,10:31,-5.37
2024-03-16,11:31,-4.00
2024-03-16,13:31,-3.50
2024-03-16,15:31,-1.94
2024-03-16,17:31,-3.62
2024-03-16,18:32,-5.00
2024-03-16,19:32,-6.06
2024-03-16,21:32,-7.37
2024-03-16,23:32,-8.75
2024-03-17,01:32,-10.38
2024-03-17,04:32,-11.44
2024-03-17,05:32,-13.00
2024-03-17,07:32,-12.19
2024-03-17,08:33,-9.88
2024-03-17,10:33,-1.25
2024-03-17,11:33,1.00
2024-03-17,13:33,0.19
2024-03-17,15:33,1.56
2024-03-17,17:34,-0.88
2024-03-17,18:34,-2.87
2024-03-17,19:34,-4.19
2024-03-17,20:34,-5.31
2024-03-17,22:34,-7.75
2024-03-18,00:34,-9.25
2024-03-18,01:34,-9.44
2024-03-18,06:35,-10.50
2024-03-18,07:35,-9.19
2024-03-18,08:35,-7.25
2024-03-18,09:35,-4.87
2024-03-18,10:35,1.81
2024-03-18,11:35,3.56
2024-03-18,12:36,5.06
2024-03-18,13:36,5.44
2024-03-18,16:36,3.31
2024-03-18,17:36,2.31
2024-03-18,18:36,1.12
2024-03-18,19:36,-0.13
2024-03-18,20:36,-1.31
2024-03-18,23:36,-2.56
2024-03-19,01:36,-3.06
2024-03-19,07:37,-4.50
2024-03-19,08:37,-2.87
2024-03-19,09:37,-1.50
2024-03-19,10:37,0.06
2024-03-19,12:37,1.44
2024-03-19,13:38,1.50
2024-03-19,18:38,0.50
2024-03-19,19:38,0.50
2024-03-20,01:38,-0.62
2024-03-20,03:38,-2.44
2024-03-20,07:38,-2.94
2024-03-20,09:38,-1.62
2024-03-20,10:39,1.37
2024-03-20,12:39,3.06
2024-03-20,13:39,2.37
2024-03-20,15:39,3.94
2024-03-20,16:39,2.44
2024-03-20,17:39,0.13
2024-03-20,18:39,-1.81
2024-03-20,19:39,-2.31
2024-03-20,21:39,-3.62
2024-03-21,01:40,-6.25
2024-03-21,02:40,-7.62
2024-03-21,07:40,-5.81
2024-03-21,08:40,-4.19
2024-03-21,09:40,-1.62
2024-03-21,10:40,4.31
2024-03-21,11:40,3.06
2024-03-21,13:40,1.00
2024-03-21,17:40,-0.37
2024-03-21,18:41,-1.62
2024-03-21,19:41,-2.56
2024-03-21,22:41,-3.56
2024-03-22,00:41,-5.12
2024-03-22,01:41,-6.44
2024-03-22,03:41,-8.19
2024-03-22,06:41,-9.81
2024-03-22,07:41,-9.69
2024-03-22,08:41,-7.87
2024-03-22,09:42,-4.37
2024-03-22,10:42,0.94
2024-03-22,11:42,2.62
2024-03-22,13:42,1.81
2024-03-22,14:42,2.94
2024-03-22,17:42,0.62
2024-03-22,18:42,-1.37
2024-03-22,19:42,-2.94
2024-03-22,20:43,-3.94
2024-03-22,22:43,-5.56
2024-03-23,01:43,-6.62
2024-03-23,04:43,-7.62
2024-03-23,07:43,-6.81
2024-03-23,08:43,-3.81
2024-03-23,09:43,-0.44
2024-03-23,10:43,4.31
2024-03-23,11:44,6.69
2024-03-23,13:44,5.87
2024-03-23,14:44,7.00
2024-03-23,16:44,5.87
2024-03-23,17:44,3.44
2024-03-23,18:44,0.94
2024-03-23,19:44,-0.75
2024-03-23,22:44,-2.19
2024-03-24,01:45,-3.44
2024-03-24,02:45,-4.69
2024-03-24,07:45,-3.69
2024-03-24,09:45,-1.94
2024-03-24,10:45,0.19
2024-03-24,12:45,1.75
2024-03-24,13:45,1.31
2024-03-24,19:46,0.50
2024-03-24,21:46,-0.50
2024-03-25,01:46,0.50
2024-03-25,03:46,1.50
2024-03-25,07:46,1.75
2024-03-25,10:47,3.94
2024-03-25,13:47,5.12
2024-03-25,14:47,6.50
2024-03-25,15:47,5.44
2024-03-25,17:47,1.37
2024-03-25,18:47,0.25
2024-03-25,19:47,-0.69
2024-03-25,21:47,-1.69
2024-03-26,01:48,-1.25
2024-03-26,07:48,0.50
2024-03-26,08:48,3.00
2024-03-26,09:48,4.44
2024-03-26,10:48,10.25
2024-03-26,12:48,9.19
2024-03-26,13:49,8.69
2024-03-26,17:49,7.31
2024-03-26,18:49,6.31
2024-03-26,19:49,5.12
2024-03-26,21:49,4.06
2024-03-26,23:49,3.06
2024-03-27,01:49,3.37
2024-03-27,07:50,4.06
2024-03-27,08:50,5.56
2024-03-27,13:50,6.19
2024-03-27,18:50,4.75
2024-03-27,19:50,4.44
2024-03-28,01:50,3.25
2024-03-28,03:51,2.19
2024-03-28,07:51,4.06
2024-03-28,09:51,6.06
2024-03-28,10:51,8.25
2024-03-28,13:51,6.56
2024-03-28,15:51,5.25
2024-03-28,17:52,3.94
2024-03-28,19:52,3.37
2024-03-28,22:52,2.25
2024-03-29,01:52,1.56
2024-03-29,07:52,2.62
2024-03-29,08:52,3.87
2024-03-29,10:52,5.19
2024-03-29,12:53,4.12
2024-03-29,13:53,6.31
2024-03-29,14:53,7.31
2024-03-29,16:53,5.94
2024-03-29,17:53,4.75
2024-03-29,19:53,3.44
2024-03-29,21:53,1.94
2024-03-30,00:54,0.69
2024-03-30,01:54,1.00
2024-03-30,07:54,0.88
2024-03-30,08:54,-0.69
2024-03-30,09:54,0.31
2024-03-30,12:54,-1.19
2024-03-30,13:54,-1.44
2024-03-30,15:54,-2.56
2024-03-30,19:55,-3.31
2024-03-31,01:55,-4.94
2024-03-31,06:55,-3.94
2024-03-31,07:55,-2.12
2024-03-31,08:55,-0.44
2024-03-31,09:56,1.06
2024-03-31,10:56,5.31
2024-03-31,13:56,5.19
2024-03-31,16:56,3.81
2024-03-31,17:56,2.31
2024-03-31,18:56,1.19
2024-03-31,19:56,0.37
2024-03-31,22:56,-0.94
2024-04-01,01:57,-1.81
2024-04-01,06:57,-0.62
2024-04-01,07:57,1.44
2024-04-01,08:57,3.50
2024-04-01,09:57,5.37
2024-04-01,10:57,9.06
2024-04-01,12:57,8.00
2024-04-01,13:58,8.50
2024-04-01,16:58,6.69
2024-04-01,17:58,5.50
2024-04-01,18:58,3.87
2024-04-01,19:58,3.25
2024-04-02,00:58,2.19
2024-04-02,01:58,2.25
2024-04-02,07:58,2.12
2024-04-02,12:59,3.56
2024-04-02,13:59,3.12
2024-04-02,17:59,1.00
2024-04-02,19:59,0.44
2024-04-02,23:59,-0.75
2024-04-03,01:59,-0.88
2024-04-03,07:59,-0.69
2024-04-03,10:00,1.50
2024-04-03,12:00,2.75
2024-04-03,13:00,3.81
2024-04-03,14:00,4.81
2024-04-03,18:00,3.56
2024-04-03,19:00,2.31
2024-04-03,20:00,1.56
2024-04-03,23:00,0.50
2024-04-04,02:01,0.25
2024-04-04,08:01,2.75
2024-04-04,09:01,5.75
2024-04-04,10:01,12.88
2024-04-04,12:01,14.00
2024-04-04,14:01,13.56
2024-04-04,18:02,11.19
2024-04-04,19:02,9.06
2024-04-04,20:02,8.00
2024-04-04,23:02,6.75
2024-04-05,01:02,5.69
2024-04-05,02:02,5.12
2024-04-05,08:03,6.31
2024-04-05,09:03,8.25
2024-04-05,10:03,16.37
2024-04-05,13:03,15.25
2024-04-05,14:03,15.88
2024-04-05,17:03,14.69
2024-04-05,18:03,13.38
2024-04-05,19:03,11.63
2024-04-05,20:04,10.63
2024-04-05,22:04,8.31
2024-04-06,01:04,6.75
2024-04-06,02:04,6.12
2024-04-06,04:04,4.87
2024-04-06,08:04,7.94
2024-04-06,09:04,9.94
2024-04-06,10:04,16.62
2024-04-06,13:05,15.13
2024-04-06,14:05,15.69
2024-04-06,15:05,14.50
2024-04-06,17:05,12.88
2024-04-06,18:05,11.06
2024-04-06,19:05,9.38
2024-04-06,20:05,8.00
2024-04-06,21:05,6.56
2024-04-06,23:05,5.37
2024-04-07,02:06,4.31
2024-04-07,07:06,2.94
2024-04-07,08:06,2.87
2024-04-07,12:06,4.12
2024-04-07,14:06,4.62
2024-04-07,16:06,5.94
2024-04-07,19:07,4.50
2024-04-07,20:07,4.44
2024-04-07,22:07,3.31
2024-04-08,02:07,3.87
2024-04-08,04:07,5.31
2024-04-08,08:07,6.44
2024-04-08,09:07,9.31
2024-04-08,10:07,11.00
2024-04-08,11:08,13.44
2024-04-08,12:08,15.31
2024-04-08,14:08,17.44
2024-04-08,16:08,12.69
2024-04-08,17:08,10.13
2024-04-08,20:08,8.63
2024-04-08,23:08,7.19
2024-04-09,01:09,6.00
2024-04-09,02:09,5.50
2024-04-09,04:09,4.12
2024-04-09,08:09,3.87
2024-04-09,12:09,5.62
2024-04-09,14:09,6.62
2024-04-09,19:09,5.50
2024-04-09,20:10,5.25
2024-04-10,02:10,4.06
2024-04-10,03:10,2.81
2024-04-10,07:10,4.50
2024-04-10,08:10,6.25
2024-04-10,11:10,8.75
2024-04-10,14:11,8.94
2024-04-10,19:11,7.87
2024-04-10,20:11,6.25
2024-04-10,21:11,4.75
2024-04-10,22:11,3.50
2024-04-10,23:11,2.25
2024-04-11,02:11,1.56
2024-04-11,08:12,2.56
2024-04-11,13:12,3.75
2024-04-11,17:12,2.69
2024-04-11,19:12,2.00
2024-04-11,21:12,0.88
2024-04-11,23:12,-0.25
2024-04-12,01:12,-0.81
2024-04-12,07:12,0.44
2024-04-12,08:12,2.94
2024-04-12,09:13,5.00
2024-04-12,10:13,11.25
2024-04-12,11:13,9.50
2024-04-12,19:14,6.75
2024-04-12,20:14,5.56
2024-04-13,00:14,6.81
2024-04-13,01:14,6.62
2024-04-13,07:14,6.19
2024-04-13,09:15,8.94
2024-04-13,11:15,10.25
2024-04-13,12:15,12.75
2024-04-13,13:15,13.75
2024-04-13,14:15,15.63
2024-04-13,15:15,16.62
2024-04-13,17:15,14.81
2024-04-13,18:15,13.75
2024-04-13,19:16,13.19
2024-04-13,23:16,11.88
2024-04-14,01:16,10.56
2024-04-14,02:16,9.25
2024-04-14,05:16,7.69
2024-04-14,07:16,9.56
2024-04-14,08:16,10.63
2024-04-14,09:16,12.25
2024-04-14,10:17,13.50
2024-04-14,11:17,16.06
2024-04-14,13:17,16.56
2024-04-14,14:17,18.50
2024-04-14,17:17,17.31
2024-04-14,18:17,15.31
2024-04-14,19:17,13.94
2024-04-14,20:18,12.69
2024-04-14,21:18,11.12
2024-04-14,23:18,9.81
2024-04-15,00:18,8.63
2024-04-15,01:18,8.06
2024-04-15,03:18,6.69
2024-04-15,05:18,5.44
2024-04-15,07:18,5.00
2024-04-15,10:19,6.56
2024-04-15,13:19,7.12
2024-04-15,14:19,8.69
2024-04-15,16:19,10.00
2024-04-15,19:19,8.44
2024-04-15,20:19,7.37
2024-04-15,21:19,6.06
2024-04-16,01:20,4.94
2024-04-16,07:20,6.25
2024-04-16,08:20,8.13
2024-04-16,09:20,10.63
2024-04-16,10:20,19.81
2024-04-16,11:20,16.75
2024-04-16,13:20,16.81
2024-04-16,14:21,17.87
2024-04-16,15:21,19.37
2024-04-16,17:21,18.06
2024-04-16,18:21,16.00
2024-04-16,19:21,14.19
2024-04-16,20:21,13.06
2024-04-16,21:21,11.94
2024-04-16,22:21,10.88
2024-04-17,01:22,11.12
2024-04-17,07:22,10.25
2024-04-17,08:22,11.38
2024-04-17,09:22,13.44
2024-04-17,10:22,19.12
2024-04-17,11:22,17.19
